timestamp,round_id,crash_point
1747030509.8726497,32467506,21.64
1747031804.6532652,32470139,1.16
1747031824.6923234,32470166,3.25
1747031839.289766,32470189,1.41
1747031851.996559,32470227,1.11
1747031862.5575156,32470255,1
1747031875.7864108,32470285,1.18
1747031897.0708036,32470303,3.87
1747031918.6602254,32470329,4.04
1747031933.8314826,32470369,1.53
1747031947.422568,32470409,1.23
1747031961.4430873,32470438,1.3
1747031975.7419214,32470463,1.35
1747031989.2605472,32470491,1.22
1747032020.6270888,32470517,11.83
1747032034.3993864,32470547,1.26
1747032046.2485461,32470608,1.04
1747032066.853104,32470635,3.52
1747032107.175483,32470654,23.18
1747032120.8765285,32470695,1.25
1747032135.6305673,32470777,1.44
1747032152.8852012,32470804,2.12
1747032175.3349187,32470832,4.54
1747032193.2246716,32470871,2.34
1747032208.832387,32470909,1.64
1747032222.1435258,32470943,1.19
1747032267.3444467,32470972,31
1747032281.711781,32471008,1.37
1747032296.2656045,32471094,1.4
1747032315.2849498,32471121,2.79
1747032329.4005983,32471152,1.32
1747032345.3279502,32471188,1.72
1747032361.3659642,32471220,1.75
1747032375.0897741,32471254,1.25
1747032392.8385987,32471286,2.29
1747032407.7044206,32471313,1.47
1747032421.5637248,32471347,1.27
1747032436.4018607,32471379,1.46
1747032451.6000044,32471409,1.54
1747032468.7990944,32471433,2.11
1747032484.5585935,32471466,1.68
1747032503.871649,32471502,2.92
1747032523.9827404,32471534,3.29
1747032538.7724063,32471569,1.45
1747032551.6008701,32471610,1.13
1747032563.9169788,32471638,1.08
1747032575.5656323,32471663,1.03
1747032595.8585038,32471693,3.38
1747032620.7404196,32471716,6.14
1747069364.334048,32541865,7.44
1747069384.5993478,32541895,3.37
1747069406.627949,32541943,4.3
1747069427.8347783,32541985,3.84
1747069460.370659,32542028,13.09
1747069476.598089,32542071,1.81
1747069493.408635,32542136,1.96
1747069509.7649093,32542168,1.84
1747069533.5369563,32542204,5.37
1747069548.755373,32542235,1.54
1747069565.558259,32542285,1.97
1747069583.3513691,32542317,2.31
1747069600.7842052,32542341,2.18
1747069616.560763,32542376,1.68
1747069660.634376,32542412,29.06
1747069673.8503418,32542442,1.18
1747069686.8747325,32542529,1.15
1747069699.645939,32542561,1.12
1747069714.6440773,32542586,1.49
1747069729.9134715,32542611,1.55
1747069746.3532774,32542638,1.86
1747069763.0679457,32542669,1.94
1747069784.631067,32542704,4.03
1747069803.0504901,32542733,2.55
1747069833.9315753,32542771,11.31
1747069845.103306,32542805,1.01
1747069860.016541,32542865,1.47
1747069875.179705,32542883,1.53
1747069890.7955081,32542914,1.64
1747069903.9573364,32542942,1.17
1747069921.756404,32542970,2.3
1747069941.9506917,32543001,3.32
1747069962.5677896,32543034,3.53
1747069980.4472182,32543076,2.33
1747070000.7250319,32543117,3.33
1747070011.9041922,32543153,1.01
1747070053.5477114,32543195,25.14
1747070069.4504378,32543219,1.72
1747070086.8968582,32543295,2.18
1747070106.8107438,32543328,3.19
1747070126.1439881,32543361,2.93
1747070148.5484936,32543400,4.46
1747070174.9826934,32543441,7.31
1747070191.6139188,32543480,1.93
1747070203.8592062,32543534,1.07
1747070225.8716977,32543568,4.23
1747070238.695028,32543588,1.13
1747070254.4970253,32543636,1.68
1747070296.088691,32543663,25.02
1747070336.794212,32543693,23.71
1747070356.02361,32543778,2.89
1747070372.4726727,32543860,1.87
1747070386.1450188,32543898,1.24
1747070407.9150996,32543929,4.14
1747070424.9043584,32543955,2.04
1747070466.883162,32543998,25.68
1747070478.9778368,32544028,1.06
1747070491.6850739,32544113,1.11
1747070531.4997544,32544132,22.35
1747070547.0956411,32544156,1.64
1747070569.7877824,32544239,4.67
1747070585.1424882,32544271,1.58
1747070625.1469207,32544315,22.56
1747070647.7025156,32544344,4.59
1747070658.2367578,32544426,1
1747070680.334565,32544475,4.31
1747070694.219286,32544490,1.28
1747070706.7318974,32544525,1.09
1747070732.4471838,32544556,6.72
1747070747.8645763,32544584,1.59
1747070778.4144146,32544628,10.96
1747070798.9563634,32544657,3.45
1747070812.2576265,32544722,1.19
1747070857.315772,32544752,30.67
1747070895.3102531,32544784,19.85
1747070908.6867983,32544872,1.2
1747070922.1963103,32544946,1.21
1747070936.6774461,32544970,1.38
1747070954.3501,32544996,2.26
1747070971.4612987,32545025,2.07
1747070982.9250247,32545066,1.02
1747071000.3182375,32545090,2.16
1747071010.9620743,32545115,1
1747071034.4779437,32545148,5.18
1747071050.6904647,32545175,1.8
1747071071.9429593,32545219,3.84
1747071086.8335435,32545249,1.47
1747071113.2618876,32545287,7.27
1747071131.1593068,32545316,2.35
1747071142.369844,32545368,1.01
1747071164.4697003,32545405,4.31
1747071187.5410583,32545421,4.91
1747071208.242896,32545469,3.57
1747071234.5716918,32545514,7.21
1747071251.6145616,32545557,2.05
1747071274.0305173,32545607,4.51
1747071306.4407957,32545638,12.95
1747071321.0781922,32545675,1.42
1747071339.5643966,32545746,2.55
1747071361.4533277,32545775,4.21
1747071376.9476063,32545810,1.61
1747071412.0007598,32545857,15.96
1747071426.1490936,32545886,1.32
1747071442.8223114,32545956,1.92
1747071460.6730294,32545980,2.32
1747071472.140755,32546014,1.02
1747071489.243898,32546049,2.04
1747071506.9341006,32546072,2.26
1747071524.8935447,32546105,2.36
1747071546.478337,32546144,4.03
1747071564.3254628,32546177,2.33
1747071580.104691,32546218,1.68
1747071598.04569,32546252,2.33
1747071610.8944066,32546286,1.13
1747071627.8153992,32546320,2
1747071646.042829,32546347,2.47
1747071660.9436035,32546384,1.47
1747071686.433551,32546415,6.55
1747071700.6132863,32546448,1.33
1747071713.4087193,32546495,1.12
1747071734.1092257,32546519,3.55
1747071752.8065202,32546546,2.64
1747071793.8103228,32546590,24.18
1747071807.1853058,32546628,1.2
1747071822.3807268,32546704,1.53
1747071835.5274107,32546733,1.16
1747071850.9243326,32546763,1.58
1747071874.0074646,32546789,4.88
1747071899.727328,32546820,6.76
1747071914.797517,32546861,1.51
1747071950.4575737,32546908,16.75
1747071970.5895607,32546937,3.3
1747071996.5683365,32547009,6.94
1747072025.611942,32547047,9.56
1747072044.2884276,32547101,2.65
1747072085.8364658,32547154,24.95
1747072115.459556,32547189,10.1
1747072132.5135977,32547272,2.06
1747072152.162552,32547327,3.05
1747072169.076612,32547358,2.01
1747072186.3251987,32547397,2.09
1747072210.5556052,32547432,5.66
1747072232.5318851,32547470,4.24
1747072246.671393,32547520,1.32
1747072262.089373,32547559,1.58
1747072294.6864188,32547589,13.13
1747072307.7093365,32547626,1.12
1747072331.2417545,32547687,5.26
1747072348.4981968,32547707,2.12
1747072360.167597,32547752,1.03
1747072372.4723701,32547779,1.07
1747072406.0358903,32547802,14.22
1747072422.1745734,32547826,1.78
1747072442.9079883,32547897,3.57
1747072456.2224324,32547929,1.19
1747072493.370561,32547968,18.63
1747072505.4597297,32547994,1.06
1747072524.2149563,32548064,2.66
1747072536.455093,32548092,1.07
1747072553.4292462,32548126,2.02
1747072573.8071811,32548151,3.37
1747072599.1902025,32548191,6.49
1747072612.6770654,32548225,1.21
1747072626.5655344,32548278,1.27
1747072641.7887142,32548303,1.54
1747072654.1440296,32548335,1.08
1747072676.8288605,32548368,4.66
1747072693.0038476,32548391,1.79
1747072707.3337572,32548433,1.35
1747072719.812375,32548465,1.09
1747072740.647533,32548494,3.62
1747072756.5732145,32548527,1.67
1747072778.018344,32548567,3.93
1747072794.733811,32548594,1.95
1747072820.666331,32548630,6.9
1747072832.3000429,32548663,1.03
1747072861.3067539,32548718,9.47
1747072879.346347,32548743,2.4
1747072901.4112895,32548799,4.3
1747072919.0348406,32548838,2.25
1747072935.5328403,32548880,1.88
1747072954.1378853,32548917,2.61
1747072978.8163466,32548949,5.99
1747072998.1977375,32548984,2.95
1747073018.8016434,32549031,3.51
1747073042.4477944,32549069,5.28
1747073054.4182754,32549107,1.05
1747073070.9503682,32549157,1.88
1747073089.0339234,32549178,2.41
1747073107.1626372,32549210,2.43
1747073121.64159,32549246,1.38
1747073134.7824855,32549282,1.16
1747073149.0146456,32549315,1.33
1747073169.5953023,32549341,3.5
1747073186.9744577,32549368,2.17
1747073204.0479484,32549412,2.06
1747073230.5474143,32549446,7.34
1747073245.2847464,32549480,1.44
1747073264.7213554,32549529,2.94
1747073284.357324,32549556,3.06
1747073301.2515664,32549596,1.99
1747073315.787701,32549633,1.39
1747073327.278298,32549670,1.02
1747073356.1142344,32549695,9.33
1747073390.6099827,32549720,15.33
1747073407.4566007,32549772,1.99
1747073420.876168,32549845,1.2
1747073431.4555326,32549878,1
1747073445.921704,32549902,1.38
1747073461.4433684,32549925,1.61
1747073475.5978878,32549955,1.32
1747073504.1364636,32549981,9.07
1747073541.5874894,32550006,19.1
1747073560.0469189,32550063,2.56
1747073570.6022577,32550140,1
1747073584.2670033,32550176,1.24
1747073599.807372,32550199,1.62
1747073630.003923,32550224,10.62
1747073647.9668334,32550254,2.38
1747073663.1817012,32550311,1.54
1747073680.147221,32550349,2.02
1747073693.0699384,32550384,1.14
1747073709.2834923,32550417,1.79
1747073723.4343295,32550438,1.32
1747073748.2963994,32550470,6.08
1747073761.6764205,32550506,1.2
1747073777.1904414,32550549,1.61
1747073788.6745129,32550574,1.02
1747073805.852943,32550601,2.09
1747073824.281364,32550626,2.55
1747073845.2624106,32550659,3.71
1747073871.3915644,32550699,7.06
1747073888.02166,32550737,1.93
1747073908.8480957,32550787,3.64
1747073926.959681,32550824,2.43
1747073942.932348,32550863,1.73
1747073956.2782009,32550897,1.19
1747073971.6775162,32550928,1.57
1747073991.0484462,32550955,2.94
1747074012.452074,32550985,3.94
1747074059.5935938,32551023,34.45
1747074080.3866768,32551063,3.63
1747074093.9153173,32551159,1.22
1747074107.5049157,32551201,1.22
1747074120.2958024,32551233,1.12
1747074133.6972332,32551255,1.2
1747074155.7254913,32551280,4.29
1747074176.8164518,32551311,3.78
1747074193.3623471,32551354,1.9
1747074224.4689498,32551396,11.54
1747074240.040052,32551431,1.63
1747074264.1326792,32551482,5.57
1747074276.3556151,32551514,1.07
1747074303.2515838,32551557,7.65
1747074338.961272,32551582,16.85
1747074358.5315087,32551634,3.04
1747074369.1209798,32551702,1
1747074385.7566845,32551738,1.93
1747074403.5353658,32551760,2.3
1747074416.7704034,32551791,1.18
1747074434.7234879,32551826,2.35
1747074450.897867,32551856,1.79
1747074477.315523,32551889,7.27
1747074491.9048142,32551920,1.41
1747074504.4999628,32551970,1.1
1747074516.1853173,32551992,1.03
1747074533.3794763,32552020,2.09
1747074553.9085267,32552045,3.48
1747074571.9185479,32552084,2.39
1747074584.1660445,32552123,1.07
1747074602.4775872,32552159,2.5
1747074619.4308226,32552181,2.02
1747074632.458236,32552218,1.15
1747074645.8963385,32552247,1.2
1747074666.9647393,32552272,3.75
1747074690.7275767,32552300,5.37
1747074717.16724,32552343,7.31
1747074740.734596,32552387,5.23
1747074753.7609642,32552441,1.15
1747074775.6897347,32552492,4.22
1747074818.2522833,32552516,26.62
1747074831.3966348,32552558,1.17
1747074845.277457,32552640,1.27
1747074861.6915052,32552665,1.85
1747074873.7952533,32552693,1.06
1747074886.048229,32552726,1.07
1747074900.7258065,32552752,1.42
1747074914.9807243,32552777,1.34
1747074928.0000968,32552803,1.15
1747074952.7065973,32552839,5.97
1747074970.530442,32552863,2.32
1747074998.0679433,32552913,8.19
1747075020.7384834,32552946,4.67
1747075035.8775332,32552999,1.53
1747075050.7339342,32553045,1.46
1747075068.869537,32553075,2.43
1747075097.9275622,32553101,9.51
1747075114.33331,32553133,1.86
1747075130.909368,32553185,1.9
1747075144.1755576,32553216,1.18
1747075163.4693658,32553251,2.9
1747075182.5249662,32553271,2.81
1747075199.4054286,32553314,2
1747075216.9863038,32553349,2.23
1747075245.7720788,32553383,9.3
1747075259.4173937,32553411,1.24
1747075280.5364118,32553473,3.78
1747075293.447183,32553502,1.14
1747075308.3720143,32553538,1.47
1747075320.6246758,32553560,1.07
1747075342.1953804,32553590,4.02
1747075360.4834924,32553610,2.5
1747075377.8204322,32553657,2.15
1747075390.2694192,32553693,1.09
1747075409.744542,32553726,2.98
1747075420.3166199,32553753,1
1747075438.2895696,32553798,2.37
1747075450.6423879,32553816,1.08
1747075463.6556637,32553851,1.15
1747075479.8175874,32553877,1.78
1747075495.2884839,32553900,1.61
1747075519.2580535,32553935,5.49
1747075538.575088,32553964,2.93
1747075561.974005,32554013,5.12
1747075577.8174775,32554048,1.7
1747075595.5612347,32554100,2.29
1747075621.2376401,32554131,6.65
1747075636.9540524,32554168,1.67
1747075648.7763078,32554222,1.04
1747075681.368315,32554256,13.08
1747075694.2695165,32554280,1.14
1747075712.2267804,32554346,2.37
1747075735.4874082,32554365,5.05
1747075755.757181,32554408,3.36
1747075772.1489265,32554453,1.85
1747075784.491461,32554492,1.08
1747075801.7987342,32554518,2.14
1747075817.8487532,32554538,1.75
1747075840.2282143,32554576,4.43
1747075866.8773758,32554611,7.49
1747075877.408799,32554653,1
1747075898.2821636,32554704,3.65
1747075917.4181914,32554729,2.84
1747075933.5459158,32554769,1.78
1747075949.575351,32554804,1.75
1747075961.4134429,32554835,1.04
1747075973.0802221,32554863,1.03
1747076013.761544,32554887,23.68
1747076024.2990723,32554905,1
1747076042.2890315,32554989,2.37
1747076052.830151,32555011,1
1747076066.1618123,32555042,1.19
1747076083.1248553,32555068,2.02
1747076103.060051,32555095,3.2
1747076118.113358,32555125,1.51
1747076139.3349624,32555162,3.83
1747076150.783155,32555195,1.02
1747076170.5053136,32555237,3.08
1747076187.086594,32555260,1.91
1747076223.5664618,32555294,17.8
1747076237.5659866,32555325,1.3
1747076250.8216217,32555400,1.18
1747076262.2700748,32555428,1.02
1747076277.3438938,32555451,1.51
1747076295.742212,32555479,2.53
1747076314.877696,32555502,2.84
1747076329.21965,32555540,1.36
1747076353.2812514,32555577,5.55
1747076372.8096,32555605,3.03
1747076384.6367745,32555654,1.04
1747076407.3080316,32555699,4.67
1747076422.6653473,32555722,1.58
1747076439.3018682,32555763,1.92
1747076484.278043,32555794,30.61
1747076502.6433392,32555832,2.53
1747076519.9542584,32555912,2.14
1747076537.8543313,32555946,2.35
1747076551.8749597,32555978,1.28
1747076563.867878,32556010,1.05
1747076576.7862623,32556040,1.14
1747076589.132282,32556063,1.08
1747076603.2772174,32556086,1.32
1747076620.8430476,32556113,2.23
1747076640.9684455,32556141,3.29
1747076658.9302418,32556172,2.38
1747076677.2582738,32556214,2.51
1747076696.862712,32556251,3.04
1747076710.6952581,32556289,1.27
1747076730.6706214,32556325,3.21
1747076773.109407,32556348,26.37
1747076793.1401503,32556381,3.26
1747076807.8344266,32556469,1.42
1747076834.6362169,32556505,7.5
1747076874.4196584,32556540,22.38
1747076891.007895,32556587,1.92
1747076903.9348705,32556656,1.14
1747076920.6069458,32556694,1.93
1747076933.5332766,32556718,1.14
1747076954.5989041,32556751,3.76
1747076966.236843,32556776,1.03
1747076989.2634435,32556820,4.88
1747077011.5344143,32556847,4.26
1747077029.8183684,32556900,2.5
1747077047.048344,32556940,2.12
1747077061.705673,32556977,1.42
1747077075.0981913,32557016,1.2
1747077108.804421,32557044,14.41
1747077122.3024635,32557072,1.22
1747077135.0749488,32557138,1.12
1747077151.382936,32557160,1.82
1747077170.385303,32557186,2.78
1747077190.2525487,32557216,3.17
1747077204.8599236,32557254,1.41
1747077225.2806606,32557289,3.43
1747077243.664426,32557321,2.53
1747077260.1066167,32557359,1.87
1747077275.7685876,32557387,1.65
1747077294.06947,32557422,2.48
1747077306.1544926,32557450,1.06
1747077318.145771,32557479,1.05
1747077342.7936532,32557508,5.97
1747077359.7158122,32557534,2.02
1747077392.9673405,32557581,13.82
1747077407.1796405,32557615,1.33
1747077425.3684285,32557682,2.45
1747077472.5255256,32557704,34.48
1747077491.052589,32557742,2.6
1747077511.8323371,32557827,3.62
1747077528.031196,32557864,1.8
1747077540.5856786,32557905,1.1
1747077567.7073286,32557938,7.8
1747077584.9982288,32557962,2.17
1747077596.238529,32558006,1.01
1747077611.9124794,32558041,1.65
1747077624.569136,32558063,1.11
1747077646.4040973,32558094,4.18
1747077677.0652895,32558118,11.11
1747077693.942175,32558161,1.99
1747077714.0732808,32558215,3.29
1747077726.4514053,32558250,1.08
1747077740.23544,32558293,1.26
1747077756.329523,32558320,1.77
1747077776.8305302,32558343,3.47
1747077793.017573,32558375,1.8
1747077833.2478585,32558418,22.99
1747077844.8717072,32558455,1.03
1747077871.9175096,32558533,7.8
1747077887.7140338,32558549,1.69
1747077902.6423752,32558598,1.48
1747077927.712048,32558623,6.2
1747077946.5172162,32558657,2.74
1747077959.2454138,32558703,1.12
1747077980.4216318,32558745,3.81
1747078003.03991,32558770,4.63
1747078031.7774088,32558809,9.28
1747078045.602482,32558855,1.27
1747078065.3514607,32558907,3.11
1747078083.155327,32558930,2.32
1747078107.0367098,32558960,5.32
1747078121.5753584,32558994,1.4
1747078132.197925,32559042,1
1747078145.0415783,32559065,1.13
1747078159.222881,32559086,1.33
1747078174.9233305,32559114,1.66
1747078187.146081,32559142,1.07
1747078206.7358193,32559176,3.04
1747078222.9479656,32559193,1.8
1747078236.9275622,32559234,1.29
1747078254.4467735,32559268,2.21
1747078271.062952,32559293,1.92
1747078284.6475043,32559328,1.23
1747078298.1319487,32559354,1.21
1747078316.8149548,32559385,2.65
1747078339.1264408,32559411,4.46
1747078365.1262803,32559447,6.97
1747078383.6552408,32559492,2.6
1747078399.7632835,32559544,1.77
1747078427.1710865,32559578,8.06
1747078441.690068,32559610,1.4
1747078464.5731657,32559662,4.8
1747078482.9955163,32559689,2.56
1747078498.1379528,32559731,1.5
1747078512.2252195,32559769,1.3
1747078529.7890952,32559795,2.23
1747078549.0296972,32559825,2.89
1747078569.4634445,32559859,3.44
1747078586.9839559,32559893,2.22
1747078605.0412824,32559937,2.41
1747078625.3206942,32559971,3.37
1747078637.702976,32560009,1.08
1747078656.4136212,32560049,2.69
1747078672.505204,32560069,1.77
1747078686.6994998,32560105,1.33
1747078699.3715482,32560142,1.11
1747078715.0327866,32560169,1.64
1747078730.2447264,32560191,1.53
1747078775.119726,32560222,30.45
1747078793.208436,32560253,2.43
1747078811.3883088,32560341,2.45
1747078830.931887,32560375,3.02
1747078846.8902102,32560412,1.73
1747078862.199072,32560451,1.57
1747078876.5456119,32560485,1.35
1747078896.2247946,32560514,3.08
1747078908.0287368,32560543,1.04
1747078922.4816341,32560582,1.38
1747078936.1348984,32560605,1.24
1747078951.3747175,32560636,1.55
1747078972.9057813,32560665,4.01
1747078986.3950405,32560694,1.22
1747079000.525959,32560738,1.32
1747079013.513938,32560761,1.15
1747079032.7691684,32560786,2.9
1747079052.7595868,32560817,3.23
1747079067.299483,32560849,1.4
1747079079.6369832,32560885,1.08
1747079102.675312,32560920,4.89
1747079118.8904872,32560945,1.81
1747079139.196037,32560993,3.37
1747079157.8184724,32561026,2.64
1747079175.7123513,32561069,2.35
1747079188.5517707,32561108,1.13
1747079203.5834627,32561144,1.5
1747079217.4312527,32561172,1.27
1747079240.0237653,32561195,4.62
1747079255.4466624,32561226,1.6
1747079268.190274,32561266,1.12
1747079283.615047,32561298,1.59
1747079301.9850457,32561318,2.53
1747079317.1199002,32561348,1.53
1747079334.5008285,32561381,2.17
1747079353.0711884,32561413,2.61
1747079367.9882646,32561452,1.47
1747079390.4280765,32561485,4.54
1747079406.3620782,32561512,1.73
1747079423.5068886,32561559,2.09
1747079438.8319893,32561594,1.57
1747079452.9613733,32561620,1.32
1747079468.0612278,32561649,1.52
1747079492.0583627,32561682,5.54
1747079512.8025806,32561711,3.61
1747079525.9443765,32561759,1.17
1747079553.0609806,32561797,7.86
1747079575.5150912,32561824,4.56
1747079591.7517543,32561880,1.81
1747079609.9482145,32561925,2.46
1747079637.5261927,32561957,8.26
1747079651.9578328,32561995,1.38
1747079671.186655,32562051,2.88
1747079693.1424599,32562082,4.26
1747079709.358487,32562124,1.81
1747079750.7680233,32562162,24.83
1747079774.1283064,32562193,5.12
1747079791.321753,32562273,2.11
1747079821.957641,32562321,11.11
1747079838.1704571,32562359,1.81
1747079872.6357768,32562415,15.29
1747079886.8127084,32562449,1.33
1747079897.3882542,32562509,1
1747079913.6123374,32562536,1.75
1747079946.5863042,32562560,13.56
1747079992.224295,32562593,31.82
1747080006.744299,32562653,1.39
1747080022.9856584,32562737,1.8
1747080039.811504,32562761,1.98
1747080058.7286716,32562794,2.75
1747080076.5975735,32562827,2.34
1747080097.9334736,32562862,3.91
1747080114.0563483,32562897,1.78
1747080128.3998525,32562939,1.34
1747080150.647533,32562975,4.42
1747080163.570203,32563004,1.14
1747080184.4885786,32563050,3.67
1747080200.019337,32563076,1.62
1747080224.4355927,32563115,5.79
1747080246.213256,32563144,4.17
1747080262.3010612,32563199,1.77
1747080275.6912007,32563236,1.2
1747080286.29661,32563268,1
1747080311.6970565,32563294,6.5
1747080327.3709755,32563316,1.66
1747080337.9426014,32563366,1
1747080348.503148,32563391,1
1747080363.1682034,32563410,1.42
1747080378.6785154,32563435,1.61
1747080391.7649817,32563465,1.16
1747080408.3264666,32563497,1.9
1747080421.3966086,32563524,1.16
1747080436.9144747,32563552,1.61
1747080452.4383473,32563580,1.62
1747080470.241166,32563609,2.32
1747080487.7022092,32563642,2.16
1747080500.8022432,32563678,1.18
1747080518.3106143,32563713,2.2
1747080531.2005444,32563740,1.12
1747080552.2822924,32563772,3.78
1747080568.387642,32563800,1.78
1747080580.7237425,32563843,1.08
1747080592.1563895,32563876,1.02
1747080604.7937224,32563892,1.11
1747080624.2226553,32563920,2.98
1747080666.0609374,32563946,25.5
1747080681.8001971,32563985,1.68
1747080696.528181,32564071,1.44
1747080713.456582,32564096,2.02
1747080733.770997,32564123,3.38
1747080746.3978117,32564158,1.11
1747080756.9575388,32564195,1
1747080788.921771,32564219,12.47
1747080814.9672606,32564243,7.02
1747080832.9824524,32564301,2.4
1747080851.115622,32564346,2.44
1747080866.875341,32564375,1.68
1747080892.0407424,32564407,6.29
1747080919.9769163,32564440,8.54
1747080947.1489904,32564487,7.93
1747080964.8432803,32564541,2.28
1747080988.7452774,32564593,5.47
1747081002.4975936,32564628,1.26
1747081015.503823,32564675,1.15
1747081031.19134,32564701,1.66
1747081052.2541938,32564727,3.74
1747081063.4300857,32564763,1.01
1747081084.5166304,32564801,3.77
1747081097.4409204,32564822,1.14
1747081110.5935931,32564869,1.17
1747081122.7234423,32564895,1.06
1747081152.309195,32564920,10.04
1747081168.646858,32564940,1.84
1747081206.5101566,32564997,19.65
1747081218.3058763,32565027,1.04
1747081229.4937363,32565100,1.01
1747081250.562921,32565120,3.76
1747081270.650017,32565146,3.28
1747081285.8457623,32565184,1.54
1747081300.7335634,32565223,1.47
1747081319.5231876,32565254,2.7
1747081335.5368192,32565285,1.75
1747081356.2000668,32565321,3.55
1747081373.9309194,32565351,2.3
1747081401.8035367,32565396,8.51
1747081416.2927592,32565430,1.37
1747081430.696606,32565484,1.37
1747081447.718666,32565512,2.04
1747081460.9230025,32565542,1.18
1747081479.3033237,32565573,2.53
1747081495.1543145,32565603,1.69
1747081517.3402371,32565637,4.36
1747081534.0903177,32565667,1.97
1747081547.2507095,32565710,1.17
1747081567.2040753,32565740,3.21
1747081586.1069367,32565761,2.75
1747081604.8714142,32565805,2.69
1747081619.035656,32565838,1.33
1747081640.1145875,32565879,3.76
1747081657.172885,32565907,2.05
1747081672.3169065,32565956,1.51
1747081696.6786785,32565985,5.77
1747081730.4755728,32566017,14.52
1747081746.931434,32566063,1.88
1747081759.421849,32566129,1.09
1747081787.5569127,32566158,8.72
1747081803.5619404,32566188,1.75
1747081817.0826187,32566241,1.22
1747081837.865855,32566275,3.62
1747081851.6295645,32566303,1.26
1747081863.2779243,32566341,1.03
1747081879.9046578,32566373,1.92
1747081908.74355,32566391,9.37
1747081938.4630094,32566425,10.21
1747081949.6286387,32566486,1.01
1747081972.6322653,32566542,4.84
1747081987.7010446,32566568,1.51
1747082018.0013855,32566611,10.76
1747082035.4553144,32566645,2.2
1747082048.010818,32566700,1.1
1747082076.844053,32566739,9.35
1747082090.5579987,32566759,1.25
1747082119.119078,32566811,9.1
1747082133.1193688,32566840,1.3
1747082154.0032508,32566882,3.67
1747082175.8818681,32566916,4.21
1747082212.4004073,32566958,17.8
1747082228.4168496,32567001,1.75
1747082259.818723,32567067,11.86
1747082277.8848193,32567100,2.42
1747082293.0860994,32567156,1.54
1747082311.121414,32567194,2.4
1747082342.9760833,32567223,12.36
1747082357.7915313,32567260,1.46
1747082389.0553722,32567321,11.72
1747082402.2757354,32567354,1.18
1747082417.7078812,32567412,1.59
1747082431.0971763,32567434,1.2
1747082447.312507,32567462,1.8
1747082462.2494044,32567490,1.47
1747082484.0332727,32567522,4.14
1747082497.106963,32567548,1.16
1747082510.1153853,32567594,1.15
1747082524.9065752,32567623,1.44
1747082538.7593834,32567645,1.27
1747082553.059749,32567674,1.35
1747082567.140445,32567705,1.31
1747082577.710614,32567730,1
1747082592.4491956,32567759,1.44
1747082612.765594,32567780,3.39
1747082633.526052,32567811,3.61
1747082648.302801,32567847,1.45
1747082665.1891007,32567888,2
1747082680.9858825,32567919,1.68
1747082698.4021025,32567953,2.17
1747082718.65354,32567980,3.35
1747082730.4565694,32568016,1.04
1747082743.7609923,32568052,1.19
1747082758.0234165,32568076,1.34
1747082780.7730029,32568102,4.73
1747082794.4771738,32568132,1.25
1747082811.0053422,32568172,1.89
1747082831.9082303,32568200,3.68
1747082864.4035313,32568234,13.07
1747082877.5412064,32568283,1.17
1747082899.1929965,32568340,4.08
1747082913.6783764,32568366,1.39
1747082929.658457,32568416,1.74
1747082944.5314798,32568443,1.47
1747082957.759095,32568473,1.18
1747082976.2805262,32568503,2.59
1747083000.6712608,32568527,5.79
1747083020.881997,32568563,3.34
1747083059.3190422,32568609,20.45
1747083089.6805077,32568652,10.84
1747083104.5849974,32568724,1.48
1747083121.5414608,32568783,2.02
1747083138.8414814,32568813,2.14
1747083155.8351047,32568850,2.04
1747083169.4120188,32568885,1.23
1747083200.6100686,32568921,11.64
1747083215.3745444,32568942,1.45
1747083240.0946324,32568995,5.98
1747083279.4189138,32569025,21.72
1747083295.7681293,32569074,1.81
1747083307.2188087,32569151,1.02
1747083322.9545882,32569174,1.67
1747083340.479585,32569198,2.2
1747083360.195101,32569229,3.1
1747083373.324451,32569270,1.17
1747083384.9905906,32569306,1.03
1747083400.1013384,32569331,1.52
1747083417.2564955,32569354,2.05
1747083438.587964,32569387,3.9
1747083453.6545568,32569420,1.51
1747083468.041235,32569462,1.37
1747083480.3972144,32569495,1.08
1747083493.7031798,32569519,1.19
1747083509.617856,32569543,1.72
1747083522.051998,32569571,1.09
1747083537.7023718,32569603,1.63
1747083579.3937047,32569626,25.36
1747083596.6400332,32569655,2.13
1747083622.7947092,32569743,7.1
1747083636.7916691,32569779,1.3
1747083654.856301,32569826,2.39
1747083675.8958344,32569853,3.75
1747083688.1176343,32569888,1.07
1747083704.3243804,32569930,1.8
1747083720.1325812,32569952,1.69
1747083746.6063244,32569986,7.33
1747083758.9227207,32570016,1.08
1747083799.263702,32570068,23.17
1747083819.2709332,32570091,3.24
1747083846.9964828,32570174,8.37
1747083865.9548242,32570209,2.78
1747083892.7299397,32570261,7.59
1747083904.5194373,32570298,1.04
1747083915.081257,32570350,1
1747083948.5253818,32570373,14.04
1747083977.476404,32570393,9.44
1747084001.6987042,32570449,5.69
1747084013.5034425,32570509,1.04
1747084051.841076,32570554,20.23
1747084067.9305959,32570579,1.77
1747084078.5234697,32570647,1
1747084094.677237,32570680,1.78
1747084109.502745,32570701,1.46
1747084120.0676355,32570731,1
1747084138.8871799,32570761,2.71
1747084157.9254744,32570782,2.8
1747084198.0963166,32570823,22.94
1747084212.2533123,32570854,1.33
1747084223.4410782,32570930,1.01
1747084253.4401023,32570960,10.45
1747084265.9658597,32570980,1.1
1747084278.423902,32571038,1.09
1747084290.6514354,32571062,1.07
1747084308.466187,32571090,2.3
1747084324.5959847,32571110,1.77
1747084347.5496721,32571147,4.86
1747084367.0959675,32571180,3.03
1747084379.9424715,32571220,1.1
1747084392.2874212,32571252,1.08
1747084425.6273878,32571280,13.99
1747084442.104807,32571302,1.87
1747084457.9188864,32571367,1.69
1747084490.3103971,32571400,12.87
1747084513.981892,32571428,5.29
1747084538.921554,32571489,6.18
1747084561.4282615,32571532,4.58
1747084588.194603,32571584,7.59
1747084602.0901518,32571627,1.28
1747084643.2809682,32571680,24.46
1747084662.9247808,32571706,3.07
1747084681.5582263,32571787,2.64
1747084698.0454624,32571820,1.88
1747084716.2988508,32571860,2.49
1747084732.6438868,32571893,1.84
1747084747.9703977,32571924,1.57
1747084769.2755604,32571959,3.88
1747084794.857092,32571992,6.64
1747084807.7648637,32572028,1.14
1747084820.5920272,32572078,1.13
1747084832.239309,32572097,1.03
1747084847.7354257,32572126,1.61
1747084858.2757351,32572151,1
1747084870.3964117,32572182,1.06
1747084892.6138024,32572202,4.4
1747084903.1563609,32572229,1
1747084913.7308493,32572269,1
1747084930.098823,32572296,1.84
1747084942.6794956,32572317,1.1
1747084970.1569152,32572347,8.14
1747084992.2434852,32572372,4.34
1747085004.048676,32572420,1.04
1747085019.2143002,32572465,1.53
1747085033.6489503,32572494,1.38
1747085046.1990814,32572524,1.1
1747085063.5736415,32572550,2.17
1747085079.2139456,32572574,1.65
1747085093.552508,32572612,1.36
1747085106.9277747,32572639,1.2
1747085121.6597035,32572668,1.44
1747085133.8802693,32572699,1.07
1747085148.6098378,32572730,1.43
1747085164.97729,32572752,1.85
1747085186.2128046,32572781,3.85
1747085206.4025905,32572814,3.33
1747085219.5312808,32572855,1.17
1747085248.492058,32572894,9.42
1747085264.2573476,32572919,1.68
1747085276.888003,32572964,1.11
1747085293.317356,32572999,1.86
1747085309.1871483,32573018,1.71
1747085333.748838,32573050,5.91
1747085349.605315,32573082,1.71
1747085369.8213558,32573128,3.33
1747085386.569495,32573158,1.97
1747085404.6655219,32573200,2.43
1747085418.0306935,32573235,1.2
1747085432.8841922,32573263,1.45
1747085445.7884989,32573294,1.14
1747085466.6720972,32573325,3.68
1747085480.4235172,32573353,1.26
1747085494.7269442,32573391,1.35
1747085519.4418488,32573418,6.02
1747085536.9889505,32573446,2.23
1747085553.2156935,32573493,1.81
1747085565.9503307,32573527,1.12
1747085594.329074,32573563,8.95
1747085608.0978112,32573587,1.26
1747085624.5485728,32573633,1.87
1747085664.3538687,32573660,22.4
1747085685.4132679,32573694,3.77
1747085700.152822,32573773,1.44
1747085717.067477,32573810,2.02
1747085736.5727253,32573837,2.8
1747085753.480843,32573878,2.01
1747085772.7215185,32573915,2.89
1747085783.242606,32573952,1
1747085794.4105327,32573985,1.01
1747085807.5534925,32574008,1.17
1747085822.8205469,32574029,1.56
1747085843.2197068,32574055,3.43
1747085882.4143145,32574079,21.55
1747085896.4051652,32574122,1.3
1747085926.0496998,32574208,10.13
1747085949.7427194,32574235,5.34
1747085967.7170088,32574295,2.38
1747085979.3441925,32574340,1.03
1747085992.92066,32574378,1.23
1747086005.3566232,32574401,1.09
1747086027.7084694,32574429,4.45
1747086063.1474588,32574451,16.51
1747086087.760445,32574498,5.96
1747086115.7285354,32574573,8.61
1747086128.0488222,32574624,1.08
1747086147.8474545,32574682,3.14
1747086165.643321,32574703,2.32
1747086177.0818622,32574750,1.02
1747086196.7894714,32574786,3.1
1747086215.2207315,32574809,2.56
1747086236.7477725,32574852,3.99
1747086251.4350371,32574883,1.43
1747086266.3615866,32574919,1.48
1747086284.0276937,32574950,2.26
1747086299.5804527,32574979,1.63
1747086314.455342,32575015,1.47
1747086338.1810696,32575045,5.35
1747086358.3192902,32575076,3.31
1747086371.5404994,32575122,1.18
1747086416.5796032,32575160,30.75
1747086430.3802383,32575186,1.27
1747086444.0309336,32575274,1.24
1747086460.473105,32575301,1.87
1747086481.373266,32575327,3.68
1747086495.5324037,32575359,1.33
1747086506.0733705,32575401,1
1747086520.8115113,32575430,1.44
1747086543.375982,32575449,4.62
1747086562.7538614,32575479,2.95
1747086578.5502784,32575521,1.69
1747086612.3530288,32575560,14.52
1747086624.300651,32575591,1.05
1747086656.7524824,32575653,12.98
1747086672.3585732,32575678,1.64
1747086682.9062643,32575739,1
1747086693.465913,32575772,1
1747086713.1471682,32575792,3.09
1747086730.6283312,32575814,2.2
1747086745.4685829,32575855,1.46
1747086758.534252,32575889,1.16
1747086773.0463238,32575917,1.39
1747086792.0112135,32575941,2.77
1747086820.2016833,32575972,8.78
1747086841.423271,32576010,3.85
1747086857.2453487,32576066,1.7
1747086870.55995,32576104,1.19
1747086894.6120982,32576139,5.57
1747086918.9473147,32576166,5.77
1747086934.0353906,32576211,1.52
1747086948.4264898,32576258,1.37
1747086962.426379,32576286,1.3
1747086978.968768,32576313,1.9
1747086998.215906,32576336,2.89
1747087015.4808204,32576369,2.13
1747087032.412356,32576410,2.02
1747087051.4369261,32576446,2.8
1747087074.387285,32576478,4.85
1747087084.9242287,32576517,1
1747087102.0173938,32576562,2.07
1747087116.1440225,32576580,1.32
1747087135.0147798,32576612,2.73
1747087152.1509814,32576643,2.09
1747087162.7052734,32576679,1
1747087178.0549402,32576713,1.58
1747087189.5136385,32576735,1.02
1747087208.5688307,32576764,2.81
1747087237.2568927,32576787,9.25
1747087252.1008234,32576825,1.46
1747087268.2316906,32576880,1.61
1747087281.1297965,32576910,1.14
1747087292.9242082,32576941,1.04
1747087307.9464777,32576959,1.5
1747087321.071178,32576980,1.17
1747087337.4878943,32577008,1.86
1747087351.985326,32577033,1.39
1747087369.3701677,32577066,2.17
1747087384.4937747,32577096,1.53
1747087398.2614598,32577130,1.26
1747087419.1639252,32577163,3.69
1747087446.021619,32577191,7.66
1747087488.5665975,32577226,26.47
1747087503.338947,32577276,1.45
1747087516.7133524,32577362,1.2
1747087531.5448499,32577393,1.46
1747087545.875811,32577420,1.36
1747087579.6624498,32577449,14.44
1747087591.2781672,32577478,1.03
1747087603.3738766,32577539,1.06
1747087626.0665295,32577566,4.69
1747087642.9517727,32577584,2.01
1747087680.5850441,32577630,19.36
1747087697.8399358,32577664,2.13
1747087712.628835,32577743,1.45
1747087725.6983278,32577778,1.16
1747087746.510721,32577805,3.64
1747087763.2632885,32577831,1.97
1747087791.28345,32577869,8.64
1747087807.3910213,32577900,1.78
1747087821.974231,32577955,1.41
1747087852.1109247,32577987,10.57
1747087871.679897,32578013,3.04
1747087891.3083217,32578074,3.07
1747087910.3613238,32578110,2.82
1747087921.795461,32578150,1.02
1747087934.9533007,32578182,1.17
1747087976.0693505,32578206,24.41
1747087988.6905484,32578228,1.11
1747088002.8250265,32578303,1.32
1747088016.057496,32578328,1.18
1747088029.3495176,32578360,1.19
1747088048.3771918,32578387,2.8
1747088085.2383926,32578411,18.34
1747088103.6447966,32578445,2.55
1747088118.0398245,32578512,1.37
1747088138.58541,32578549,3.5
1747088151.570814,32578578,1.15
1747088163.5194829,32578620,1.05
1747088180.8472848,32578644,2.15
1747088193.8239872,32578667,1.15
1747088209.3819895,32578702,1.63
1747088223.1657107,32578725,1.26
1747088237.9990008,32578751,1.46
1747088258.7588453,32578781,3.61
1747088273.4258497,32578809,1.43
1747088287.9624982,32578850,1.4
1747088301.6978092,32578885,1.25
1747088314.9308846,32578911,1.18
1747088335.7465034,32578941,3.65
1747088347.7032928,32578970,1.05
1747088365.7647047,32579007,2.41
1747088382.8880727,32579036,2.07
1747088393.4145753,32579063,1
1747088405.850072,32579095,1.09
1747088422.5159004,32579119,1.94
1747088437.8569155,32579144,1.58
1747088455.406497,32579178,2.2
1747088472.0378366,32579208,1.93
1747088490.3782554,32579245,2.52
1747088508.4862888,32579278,2.44
1747088526.1510003,32579312,2.27
1747088540.634427,32579349,1.39
1747088563.162276,32579380,4.6
1747088582.007566,32579410,2.73
1747088594.7145743,32579457,1.12
1747088609.811222,32579491,1.52
1747088623.445584,32579519,1.24
1747088645.9626696,32579544,4.6
1747088678.9077394,32579571,13.57
1747088699.6899831,32579617,3.63
1747088717.8255644,32579681,2.45
1747088731.5123134,32579725,1.24
1747088754.7187421,32579759,5.02
1747088775.4772754,32579786,3.62
1747088802.2403498,32579830,7.59
1747088819.2753072,32579873,2.06
1747088834.8363326,32579926,1.63
1747088853.1357746,32579961,2.51
1747088864.77723,32579992,1.03
1747088878.418063,32580028,1.24
1747088891.639481,32580049,1.18
1747088922.7752948,32580074,11.61
1747088938.1068106,32580099,1.58
1747088954.974645,32580161,2
1747088973.5872521,32580189,2.63
1747088988.6378472,32580221,1.51
1747089004.0773432,32580258,1.6
1747089019.8364775,32580291,1.68
1747089034.8532393,32580316,1.5
1747089047.391045,32580352,1.1
1747089060.9652338,32580384,1.23
1747089078.2412212,32580417,2.14
1747089095.8984957,32580445,2.26
1747089111.5736132,32580479,1.67
1747089128.394492,32580514,1.99
1747089144.015175,32580548,1.65
1747089162.7424855,32580579,2.68
1747089179.991412,32580612,2.13
1747089205.5975933,32580648,6.69
1747089236.4990895,32580681,11.38
1747089250.5405388,32580738,1.31
1747089263.088674,32580793,1.1
1747089277.7015886,32580821,1.41
1747089290.3115819,32580838,1.11
1747089305.734942,32580873,1.6
1747089317.5451713,32580895,1.04
1747089335.170952,32580928,2.26
1747089362.8648157,32580955,8.35
1747089373.3973582,32580989,1
1747089389.9332216,32581038,1.9
1747089407.7535858,32581062,2.33
1747089426.9044876,32581095,2.86
1747089473.4027882,32581127,33.36
1747089486.4646733,32581166,1.16
1747089506.917835,32581254,3.16
1747089522.4232807,32581278,1.62
1747089540.2077239,32581313,2.31
1747089553.560559,32581346,1.2
1747089569.6632812,32581385,1.78
1747089616.6777818,32581407,34.27
1747089635.0417407,32581438,2.53
1747089655.2516725,32581528,3.35
1747089667.5658717,32581562,1.08
1747089681.3962321,32581605,1.27
1747089692.8251739,32581629,1.02
1747089739.5606296,32581659,33.78
1747089756.734247,32581677,2.11
1747089796.4774172,32581773,22.36
1747089825.7705894,32581805,9.8
1747089837.7014804,32581874,1.04
1747089857.3415148,32581929,3.04
1747089876.399938,32581953,2.82
1747089894.7348044,32581989,2.52
1747089911.7986963,32582028,2.07
1747089929.824757,32582062,2.4
1747089946.7095792,32582092,2.01
1747089961.5464547,32582130,1.46
1747089982.9093158,32582165,3.94
1747090001.0124776,32582192,2.44
1747090016.1828628,32582235,1.54
1747090030.6091075,32582270,1.38
1747090060.0982082,32582298,9.98
1747090085.2107882,32582326,6.33
1747090099.786032,32582386,1.41
1747090138.4179764,32582429,20.72
1747090152.4296136,32582461,1.3
1747090170.6374955,32582529,2.47
1747090185.631665,32582559,1.5
1747090202.5988762,32582594,2.02
1747090248.5804982,32582620,32.41
1747090273.766051,32582657,6.37
1747090295.0183485,32582744,3.87
1747090311.9602616,32582794,2.03
1747090337.937642,32582839,6.96
1747090354.3399227,32582871,1.86
1747090366.7977614,32582922,1.09
1747090381.6703455,32582954,1.47
1747090400.5120606,32582983,2.72
1747090418.0200872,32583008,2.22
1747090435.2635581,32583047,2.12
1747090452.4670699,32583082,2.11
1747090482.910238,32583117,10.9
1747090500.0115886,32583145,2.08
1747090518.013775,32583208,2.39
1747090534.64502,32583240,1.93
1747090559.0607884,32583276,5.81
1747090570.4816308,32583311,1.02
1747090594.4499435,32583362,5.51
1747090615.1936455,32583386,3.61
1747090637.4380298,32583426,4.43
1747090660.025483,32583468,4.64
1747090684.5360966,32583507,5.89
1747090715.3463807,32583554,11.29
1747090730.2990818,32583600,1.49
1747090771.644104,32583657,24.7
1747090787.0546346,32583684,1.6
1747090802.3047214,32583765,1.54
1747090821.70382,32583799,2.96
1747090849.91462,32583828,8.81
1747090865.8434124,32583864,1.73
1747090878.579869,32583913,1.12
1747090889.1230147,32583938,1
1747090904.2758567,32583967,1.53
1747090925.3274655,32583987,3.76
1747090943.458666,32584017,2.45
1747090968.4756873,32584056,6.24
1747090981.691904,32584085,1.18
1747091004.4165673,32584141,4.57
1747091046.9077387,32584164,26.52
1747091081.9049344,32584209,15.97
1747091097.4250512,32584290,1.62
1747091115.0409222,32584358,2.25
1747091134.5993614,32584388,3.03
1747091180.8043866,32584419,32.8
1747091199.2872148,32584459,2.59
1747091213.2424545,32584538,1.29
1747091229.4926136,32584573,1.82
1747091248.8403933,32584598,2.94
1747091261.480827,32584627,1.11
1747091274.3260672,32584665,1.13
1747091287.492599,32584695,1.17
1747091305.981535,32584718,2.58
1747091321.0782921,32584746,1.52
1747091344.2319787,32584781,4.98
1747091371.695874,32584814,8.18
1747091383.7930036,32584857,1.06
1747091398.0166867,32584913,1.34
1747091413.7727168,32584940,1.68
1747091432.9620998,32584968,2.87
1747091449.2898326,32584997,1.84
1747091461.786061,32585034,1.09
1747091478.3449652,32585062,1.9
1747091498.2239225,32585091,3.18
1747091514.566991,32585126,1.84
1747091533.5185397,32585165,2.75
1747091558.010069,32585193,5.86
1747091580.7159646,32585231,4.71
1747091597.729971,32585277,2.05
1747091620.4329453,32585318,4.7
1747091634.5006006,32585349,1.31
1747091653.9856648,32585389,2.99
1747091667.1717207,32585421,1.17
1747091688.7529233,32585455,4.05
1747091708.0667803,32585482,2.93
1747091721.056397,32585522,1.15
1747091740.4520466,32585554,2.96
1747091753.8225927,32585581,1.2
1747091783.1887815,32585620,9.85
1747091799.9344418,32585644,1.97
1747091811.7302754,32585700,1.04
1747091828.131932,32585731,1.86
1747091842.197518,32585755,1.31
1747091856.858235,32585784,1.42
1747091876.2288501,32585816,2.95
1747091896.21554,32585846,3.23
1747091907.860174,32585883,1.03
1747091923.2999406,32585923,1.6
1747091936.0571938,32585945,1.12
1747091952.149753,32585974,1.77
1747091966.8316252,32585998,1.41
1747091986.406559,32586030,3.04
1747092006.1592019,32586058,3.13
1747092020.4988637,32586101,1.36
1747092059.0067508,32586138,20.56
1747092076.9410696,32586166,2.37
1747092099.3643794,32586242,4.53
1747092110.523752,32586280,1.01
1747092133.6593745,32586323,4.96
1747092149.6603281,32586346,1.75
1747092165.4669483,32586388,1.69
1747092206.3045893,32586422,23.94
1747092219.657935,32586454,1.2
1747092234.6396806,32586536,1.49
1747092265.5653765,32586565,11.37
1747092298.5789478,32586593,13.63
1747092317.2887542,32586651,2.67
1747092348.2086194,32586712,11.38
1747092358.7378142,32586746,1
1747092373.380706,32586815,1.41
1747092391.4624689,32586839,2.42
1747092432.5212262,32586869,24.26
1747092451.5494146,32586905,2.81
1747092465.3737602,32586987,1.27
1747092488.8433006,32587015,5.17
1747092517.4710376,32587044,9.2
1747092537.2314715,32587091,3.13
1747092553.8273606,32587146,1.92
1747092566.8187702,32587184,1.15
1747092595.68695,32587217,9.39
1747092614.5274282,32587243,2.73
1747092634.4127884,32587303,3.18
1747092650.7577097,32587345,1.84
1747092661.938584,32587379,1.01
1747092673.3879354,32587418,1.02
1747092686.6890125,32587438,1.19
1747092700.579742,32587460,1.28
1747092720.8579357,32587490,3.37
1747092739.8347354,32587519,2.77
1747092758.1013768,32587555,2.49
1747092775.545595,32587587,2.19
1747092795.238102,32587627,3.1
1747092813.2636802,32587662,2.4
1747092827.70757,32587702,1.36
1747092842.5176687,32587739,1.48
1747092858.9651525,32587770,1.87
1747092880.9694376,32587799,4.28
1747092895.0307002,32587833,1.31
1747092914.1279445,32587876,2.82
1747092934.4804943,32587902,3.41
1747092949.792898,32587937,1.57
1747092963.5056195,32587976,1.25
1747092974.0524564,32588004,1
1747092986.6953313,32588033,1.11
1747093012.9339333,32588055,7.15
1747093027.7011583,32588077,1.44
1747093059.7349644,32588121,12.6
1747093073.6158226,32588152,1.28
1747093089.8465044,32588208,1.81
1747093105.5312407,32588234,1.66
1747093118.8277836,32588263,1.19
1747093139.0096982,32588296,3.32
1747093156.6015053,32588324,2.25
1747093184.1998305,32588364,8.27
1747093197.4086366,32588399,1.18
1747093212.936584,32588447,1.62
1747093224.7430363,32588474,1.04
1747093241.2089803,32588508,1.88
1747093255.9630795,32588532,1.44
1747093280.0388374,32588562,5.58
1747093295.043494,32588591,1.5
1747093315.6605275,32588639,3.54
1747093329.9840767,32588669,1.36
1747093345.2766228,32588707,1.56
1747093358.8665862,32588734,1.23
1747093372.005859,32588763,1.17
1747093394.1332242,32588794,4.35
1747093412.4844506,32588817,2.53
1747093437.429153,32588860,6.2
1747093469.7665575,32588899,12.89
1747093484.6774037,32588938,1.48
1747093497.2173042,32589004,1.1
1747093519.1903539,32589034,4.25
1747093538.6899426,32589058,3.01
1747093551.983265,32589093,1.19
1747093592.3077502,32589130,23.17
1747093606.0524035,32589159,1.26
1747093621.0634813,32589237,1.5
1747093643.4678795,32589262,4.51
1747093659.4011424,32589288,1.73
1747093679.7616482,32589335,3.4
1747093691.970788,32589362,1.07
1747093702.568165,32589409,1
1747093718.6705573,32589434,1.77
1747093735.1453915,32589461,1.88
1747093756.3425808,32589486,3.84
1747093770.4424906,32589521,1.32
1747093785.0746937,32589559,1.41
1747093807.7068927,32589589,4.61
1747093820.338773,32589614,1.12
1747093834.157387,32589659,1.27
1747093848.603285,32589680,1.38
1747093866.2052054,32589711,2.25
1747093884.3845565,32589745,2.46
1747093894.933592,32589776,1
1747093929.9895728,32589808,16.03
1747093944.8550894,32589829,1.47
1747093957.5149858,32589893,1.11
1747093975.0045042,32589922,2.2
1747093992.34181,32589946,2.16
1747094014.0908232,32589984,4.15
1747094040.9059038,32590019,7.63
1747094056.6895666,32590060,1.69
1747094069.6796227,32590108,1.15
1747094108.1961865,32590137,20.57
1747094140.2397234,32590159,12.57
1747094151.8758075,32590236,1.03
1747094164.510912,32590303,1.11
1747094178.0787218,32590327,1.23
1747094191.659469,32590351,1.23
1747094227.9190884,32590381,17.54
1747094247.8002894,32590405,3.19
1747094270.5453107,32590475,4.72
1747094283.16726,32590512,1.11
1747094297.562073,32590556,1.37
1747094311.3720403,32590589,1.26
1747094340.8506505,32590611,9.97
1747094351.38346,32590641,1
1747094369.0733125,32590689,2.28
1747094379.6091888,32590711,1
1747094402.009054,32590743,4.51
1747094419.5811992,32590767,2.24
1747094433.1767657,32590808,1.23
1747094448.8199863,32590849,1.65
1747094470.2266915,32590876,3.95
1747094485.3107703,32590911,1.51
1747094500.9196894,32590957,1.65
1747094524.5566049,32590984,5.29
1747094560.5555027,32591013,17.2
1747094580.5076525,32591056,3.21
1747094595.087635,32591127,1.41
1747094608.2387433,32591167,1.17
1747094624.5716388,32591196,1.84
1747094637.1030405,32591221,1.1
1747094649.8476906,32591253,1.12
1747094660.3966038,32591278,1
1747094698.147385,32591300,19.48
1747094718.140676,32591320,3.24
1747094738.6035154,32591391,3.47
1747094758.3370597,32591428,3.12
1747094768.859907,32591469,1
1747094788.157471,32591504,2.92
1747094805.746245,32591528,2.24
1747094820.634539,32591562,1.47
1747094843.1879544,32591597,4.61
1747094854.992516,32591630,1.04
1747094871.0785017,32591671,1.77
1747094888.8913758,32591697,2.32
1747094902.1863637,32591725,1.19
1747094913.350573,32591759,1.01
1747094927.3370981,32591789,1.3
1747094942.752453,32591811,1.59
1747094958.2225168,32591841,1.61
1747094974.6756692,32591873,1.88
1747094989.9354901,32591901,1.56
1747095004.7532556,32591929,1.46
1747095022.71377,32591960,2.38
1747095040.0501966,32591993,2.16
1747095080.24009,32592027,22.48
1747095093.9206204,32592056,1.25
1747095114.2923017,32592135,3.41
1747095132.6182587,32592159,2.52
1747095149.238281,32592201,1.91
1747095166.4665692,32592236,2.12
1747095183.0686293,32592271,1.92
1747095196.699353,32592297,1.24
1747095210.069628,32592331,1.2
1747095220.6061766,32592358,1
1747095234.485374,32592385,1.28
1747095253.9462812,32592404,2.99
1747095273.325238,32592434,2.96
1747095298.0280678,32592473,6.03
1747095310.7464142,32592513,1.12
1747095327.5751987,32592557,1.99
1747095340.6314986,32592584,1.16
1747095363.4528036,32592612,4.77
1747095375.529307,32592638,1.06
1747095405.7170067,32592680,10.64
1747095423.5932264,32592705,2.35
1747095447.1475878,32592765,5.24
1747095486.0565577,32592795,21.13
1747095497.8512626,32592838,1.04
1747095516.1668556,32592909,2.51
1747095537.231584,32592934,3.78
1747095549.560482,32592973,1.08
1747095571.4772089,32593015,4.23
1747095612.455963,32593044,24.18
1747095630.0175047,32593083,2.24
1747095648.576605,32593154,2.6
1747095670.8237982,32593190,4.43
1747095711.230044,32593226,23.33
1747095738.5740623,32593267,8.07
1747095751.6397476,32593346,1.16
1747095791.3500624,32593402,22.28
1747095801.8709552,32593424,1
1747095816.8023727,32593500,1.48
1747095830.3798344,32593520,1.23
1747095845.6646676,32593553,1.56
1747095861.85661,32593577,1.8
1747095887.002171,32593610,6.33
1747095902.9862435,32593640,1.74
1747095916.7047608,32593687,1.25
1747095939.8434474,32593720,4.96
1747095954.8379767,32593748,1.5
1747095979.0810173,32593790,5.69
1747095998.9258919,32593825,3.17
1747096010.5615065,32593872,1.03
1747096028.2286358,32593910,2.27
1747096042.3920016,32593933,1.31
1747096063.8393292,32593972,3.96
1747096078.153884,32593998,1.35
1747096099.7259483,32594041,4.03
1747096135.1927328,32594070,16.54
1747096154.454859,32594109,2.9
1747096172.20292,32594173,2.3
1747096187.2083921,32594206,1.5
1747096204.1395802,32594241,2.02
1747096217.7006671,32594274,1.21
1747096231.6507673,32594309,1.31
1747096246.24341,32594335,1.41
1747096284.8843799,32594358,20.75
1747096300.5117688,32594387,1.65
1747096323.4151833,32594458,4.82
1747096340.8344748,32594490,2.19
1747096357.1831944,32594540,1.84
1747096378.4186938,32594571,3.85
1747096398.027855,32594603,3.06
1747096412.3149304,32594639,1.35
1747096427.3255491,32594679,1.5
1747096441.0240836,32594706,1.25
1747096456.4199584,32594734,1.59
1747096469.719394,32594762,1.19
1747096482.2570894,32594800,1.1
1747096502.8915288,32594822,3.55
1747096517.8458803,32594850,1.49
1747096542.432639,32594887,5.93
1747096557.208998,32594923,1.45
1747096599.7963052,32594977,26.68
1747096618.529922,32595008,2.69
1747096634.399007,32595086,1.71
1747096648.832017,32595126,1.38
1747096663.0679538,32595159,1.34
1747096687.172344,32595188,5.6
1747096699.6943884,32595215,1.1
1747096729.5180302,32595264,10.29
1747096744.297919,32595290,1.45
1747096759.0765321,32595351,1.45
1747096776.1937299,32595380,2.08
1747096794.0305936,32595410,2.33
1747096810.2933295,32595438,1.82
1747096827.3958082,32595472,2.08
1747096842.091562,32595511,1.43
1747096865.257798,32595547,4.99
1747096880.3933563,32595578,1.53
1747096895.3318057,32595626,1.48
1747096905.877094,32595653,1
1747096920.2675812,32595680,1.37
1747096944.724957,32595701,5.83
1747096969.282944,32595726,5.92
1747096988.2708573,32595769,2.79
1747097006.1974833,32595817,2.35
1747097021.2399106,32595855,1.51
1747097046.7781734,32595891,6.63
1747097072.0896163,32595922,6.47
1747097095.0720704,32595975,4.88
1747097120.1635978,32596023,6.3
1747097136.696335,32596068,1.9
1747097150.8105395,32596114,1.32
1747097166.3335674,32596143,1.62
1747097182.4355524,32596167,1.77
1747097196.0627384,32596198,1.24
1747097214.3810782,32596230,2.51
1747097238.2400615,32596264,5.44
1747097253.166318,32596303,1.48
1747097268.8814416,32596348,1.67
1747097280.0574052,32596384,1.01
1747097291.8698187,32596414,1.04
1747097306.8907948,32596440,1.5
1747097326.980708,32596462,3.28
1747097341.2653859,32596489,1.35
1747097360.9909234,32596535,3.11
1747097376.5770502,32596559,1.64
1747097395.590974,32596595,2.79
1747097419.6090922,32596628,5.56
1747097438.5534492,32596661,2.77
1747097462.4364486,32596703,5.46
1747097478.702087,32596735,1.82
1747097500.7686017,32596787,4.32
1747097513.33052,32596813,1.08
1747097532.611282,32596859,2.91
1747097547.242652,32596879,1.42
1747097562.2216458,32596920,1.49
1747097585.0408883,32596944,4.77
1747097598.857655,32596970,1.27
1747097624.942945,32597014,7.04
1747097645.1419172,32597047,3.34
1747097659.5740259,32597098,1.38
1747097674.894558,32597140,1.57
1747097695.152774,32597166,3.36
1747097716.9723616,32597196,4.19
1747097729.402833,32597232,1.09
1747097744.9737492,32597270,1.63
1747097757.8020985,32597298,1.13
1747097771.7747197,32597329,1.29
1747097786.5580878,32597349,1.45
1747097807.70332,32597378,3.75
1747097830.107186,32597409,4.59
1747097865.3886318,32597449,16.32
1747097882.3590443,32597494,2.04
1747097898.040438,32597553,1.66
1747097931.6977255,32597592,14.33
1747097946.2787645,32597621,1.41
1747097985.0172153,32597682,20.88
1747098002.5611746,32597709,2.23
1747098020.2886417,32597783,2.27
1747098031.4373796,32597816,1.01
1747098059.3276858,32597850,8.53
1747098073.4345162,32597876,1.32
1747098108.746522,32597926,16.32
1747098130.616552,32597957,4.22
1747098170.176047,32598026,22.07
1747098186.3179722,32598066,1.79
1747098202.6550481,32598149,1.84
1747098222.3177576,32598178,3.08
1747098235.2176158,32598214,1.14
1747098253.5835273,32598250,2.53
1747098269.7429445,32598272,1.79
1747098291.5110078,32598312,4.14
1747098303.8384843,32598347,1.08
1747098326.0074651,32598390,4.38
1747098353.1439528,32598415,7.89
1747098366.567417,32598458,1.21
1747098377.9912457,32598507,1.02
1747098389.1599903,32598532,1.01
1747098404.128302,32598555,1.49
1747098417.2701776,32598575,1.17
1747098437.1956353,32598608,3.2
1747098456.7024848,32598638,3.01
1747098467.881645,32598680,1.01
1747098482.987824,32598718,1.52
1747098496.6870863,32598733,1.25
1747098516.3757603,32598764,3.09
1747098535.197445,32598793,2.72
1747098554.9300532,32598829,3.11
1747098569.2926347,32598868,1.37
1747098603.770431,32598906,15.32
1747098614.3016522,32598932,1
1747098630.8036668,32599003,1.89
1747098660.4006183,32599026,10.07
1747098689.2180536,32599058,9.36
1747098709.319449,32599117,3.29
1747098748.1823728,32599181,21.07
1747098772.959194,32599223,6.08
1747098791.7275417,32599291,2.7
1747098809.806211,32599336,2.42
1747098832.818476,32599372,4.9
1747098856.594344,32599410,5.39
1747098870.751391,32599455,1.33
1747098887.9897344,32599499,2.12
1747098901.094055,32599530,1.16
1747098912.2772028,32599568,1.01
1747098927.757538,32599591,1.61
1747098960.951226,32599617,13.82
1747098975.76986,32599650,1.46
1747098992.5984266,32599707,1.99
1747099010.9684913,32599742,2.53
1747099024.5477118,32599773,1.22
1747099038.1324778,32599805,1.24
1747099069.7454267,32599834,12.09
1747099090.0416117,32599864,3.39
1747099109.7506864,32599926,3.11
1747099121.9904146,32599961,1.07
1747099136.219322,32600002,1.34
1747099146.740844,32600029,1
1747099157.2885127,32600060,1
1747099170.6645908,32600082,1.2
1747099209.3108597,32600102,20.75
1747099222.9480858,32600129,1.24
1747099242.1224813,32600200,2.86
1747099262.9775445,32600229,3.67
1747099278.537475,32600262,1.63
1747099296.887963,32600306,2.52
1747099317.388473,32600340,3.48
1747099330.8115954,32600375,1.21
1747099345.4096394,32600411,1.41
1747099360.5383992,32600440,1.53
1747099371.966863,32600466,1.02
1747099384.0655344,32600501,1.06
1747099396.3955984,32600521,1.08
1747099416.6763816,32600544,3.37
1747099432.152307,32600572,1.61
1747099443.9561298,32600612,1.04
1747099455.3961997,32600635,1.02
1747099469.4596567,32600663,1.31
1747099489.0593774,32600682,3.06
1747099503.541933,32600713,1.39
1747099517.4297647,32600749,1.28
1747099537.7733812,32600779,3.41
1747099553.4352422,32600813,1.66
1747099563.980257,32600847,1
1747099576.8663461,32600881,1.14
1747099595.5945873,32600906,2.68
1747099638.0453384,32600933,26.46
1747099663.7339218,32600963,6.75
1747099681.2772088,32601043,2.23
1747099695.3808463,32601091,1.32
1747099725.1930444,32601131,10.31
1747099741.8760946,32601158,1.95
1747099762.0783753,32601216,3.34
1747099775.8015864,32601252,1.24
1747099804.297481,32601287,9.07
1747099820.148437,32601316,1.71
1747099840.3083572,32601369,3.31
1747099860.6678593,32601400,3.4
1747099874.9386604,32601436,1.35
1747099904.2330108,32601478,9.79
1747099917.289022,32601508,1.16
1747099930.4287,32601569,1.17
1747099948.7589648,32601593,2.52
1747099966.272769,32601623,2.22
1747099989.8563714,32601661,4.74
1747100009.5475013,32601692,3.1
1747100025.7279725,32601738,1.8
1747100041.1255393,32601777,1.59
1747100066.0378642,32601807,6.16
1747100084.0014515,32601836,2.38
1747100100.980406,32601890,2.02
1747100123.3384616,32601922,4.49
1747100140.713968,32601952,2.17
1747100159.8653922,32601994,2.85
1747100180.6064405,32602028,3.61
1747100192.2234743,32602063,1.03
1747100204.435494,32602107,1.07
1747100218.4948835,32602130,1.31
1747100240.243681,32602154,4.14
1747100253.9323435,32602179,1.25
1747100281.3994184,32602216,8.16
1747100293.8238866,32602244,1.09
1747100314.8473856,32602299,3.54
1747100331.7919044,32602318,2.03
1747100343.752416,32602361,1.05
1747100359.9084313,32602392,1.79
1747100377.1422193,32602415,2.06
1747100405.050516,32602448,8.56
1747100428.7760208,32602483,5.36
1747100440.202408,32602537,1.02
1747100452.4127758,32602584,1.07
1747100468.4632564,32602603,1.76
1747100501.0583262,32602627,13.15
1747100514.4188032,32602660,1.2
1747100527.4116797,32602717,1.15
1747100540.0389428,32602748,1.11
1747100552.2617815,32602776,1.07
1747100575.696559,32602797,5.15
1747100598.1184995,32602824,4.54
1747100617.3799114,32602865,2.91
1747100629.0033007,32602910,1.03
1747100650.1412897,32602948,3.8
1747100663.8841047,32602972,1.26
1747100679.3215604,32603008,1.6
1747100708.1853786,32603040,9.4
1747100727.7027016,32603072,3
1747100756.0980697,32603129,9.02
1747100771.0511038,32603166,1.49
1747100785.1942894,32603220,1.33
1747100804.0498621,32603248,2.73
1747100817.9248512,32603274,1.28
1747100834.0227158,32603310,1.77
1747100853.4996486,32603337,3
1747100870.455603,32603366,2.03
1747100901.8776515,32603407,11.9
1747100917.3973436,32603440,1.62
1747100934.132343,32603505,1.96
1747100952.1038651,32603534,2.38
1747100974.426906,32603560,4.48
1747100984.9624894,32603602,1
1747101005.1479614,32603647,3.33
1747101021.3694549,32603664,1.81
1747101039.543514,32603700,2.46
1747101050.0742786,32603736,1
1747101063.4445834,32603775,1.2
1747101079.0904925,32603795,1.65
1747101101.7176664,32603823,4.66
1747101116.76552,32603857,1.51
1747101132.4377937,32603899,1.66
1747101142.964711,32603927,1
1747101172.6672056,32603958,10.18
1747101190.159515,32603976,2.16
1747101208.474323,32604039,2.52
1747101223.9971979,32604077,1.62
1747101234.5839846,32604108,1
1747101249.5351562,32604141,1.49
1747101262.4320323,32604160,1.14
1747101280.8241723,32604191,2.54
1747101293.3691878,32604215,1.1
1747101303.9066517,32604253,1
1747101318.274286,32604275,1.37
1747101334.7137215,32604296,1.87
1747101349.567727,32604324,1.47
1747101361.6602626,32604357,1.06
1747101378.9334419,32604388,2.14
1747101394.944355,32604413,1.75
1747101422.5945077,32604443,8.32
1747101442.6512434,32604474,3.27
1747101456.6955135,32604528,1.31
1747101467.228567,32604565,1
1747101480.8134842,32604594,1.23
1747101491.3448937,32604611,1
1747101504.7768836,32604635,1.2
1747101522.3521001,32604657,2.24
1747101553.3440115,32604683,11.49
1747101567.3935852,32604718,1.31
1747101580.120687,32604782,1.12
1747101598.6709466,32604807,2.61
1747101611.4905295,32604836,1.13
1747101623.806701,32604874,1.08
1747101647.28208,32604899,5.19
1747101668.6341875,32604925,3.93
1747101689.1260324,32604972,3.48
1747101702.191973,32605013,1.16
1747101717.7744908,32605057,1.64
1747101733.2837884,32605081,1.62
1747101750.5972795,32605107,2.15
1747101766.3075337,32605135,1.67
1747101793.9835443,32605170,8.36
1747101806.5014694,32605201,1.1
1747101826.1707392,32605255,3.09
1747101842.7756386,32605278,1.92
1747101859.9559882,32605317,2.11
1747101887.7946463,32605349,8.5
1747101899.5956755,32605381,1.04
1747101917.730602,32605431,2.44
1747101932.903644,32605457,1.54
1747101957.2734942,32605490,5.79
1747101977.1768403,32605518,3.2
1747101996.5271385,32605569,2.94
1747102013.218667,32605609,1.95
1747102043.201021,32605645,10.45
1747102063.156552,32605678,3.22
1747102107.384731,32605742,29.4
1747102121.814591,32605777,1.38
1747102137.3944993,32605858,1.64
1747102153.53209,32605889,1.79
1747102172.1923258,32605922,2.65
1747102195.0307965,32605954,4.79
1747102208.5240963,32605990,1.22
1747102240.8525481,32606032,12.87
1747102256.17676,32606059,1.57
1747102280.385457,32606122,5.67
1747102291.7978837,32606149,1.02
1747102337.1605017,32606199,31.31
1747102353.5258386,32606226,1.85
1747102387.0984843,32606306,14.26
1747102406.2227094,32606335,2.84
1747102437.4435754,32606394,11.7
1747102473.027227,32606428,16.7
1747102489.1794105,32606492,1.79
1747102501.8286607,32606563,1.11
1747102529.9723723,32606596,8.75
1747102541.1398368,32606618,1.01
1747102554.6446698,32606669,1.22
1747102594.6078196,32606693,22.64
1747102633.6431892,32606721,21.31
1747102652.2192273,32606794,2.62
1747102681.0414793,32606869,9.36
1747102698.41865,32606909,2.17
1747102720.7727253,32606957,4.48
1747102736.3199298,32606990,1.63
1747102747.522645,32607038,1.01
1747102762.2695312,32607064,1.44
1747102773.4915805,32607088,1.01
1747102806.9383786,32607120,14.08
1747102824.1297648,32607138,2.11
1747102840.0389404,32607207,1.72
1747102857.7015285,32607242,2.23
1747102873.73742,32607272,1.79
1747102884.2833998,32607297,1
1747102900.6145225,32607328,1.83
1747102922.8434205,32607349,4.42
1747102937.9743252,32607377,1.53
1747102953.6209602,32607419,1.65
1747102988.0698643,32607447,15.28
1747103005.7467415,32607475,2.28
1747103022.8160114,32607537,2.07
1747103039.8418436,32607573,2.06
1747103054.4745665,32607600,1.42
1747103070.2352471,32607629,1.68
1747103082.7779582,32607659,1.1
1747103094.4095016,32607687,1.03
1747103106.0486968,32607715,1.03
1747103119.1246111,32607741,1.16
1747103144.3031929,32607759,6.07
1747103160.199233,32607785,1.72
1747103193.8584218,32607842,14.35
1747103215.3358715,32607874,4
1747103233.3571696,32607942,2.4
1747103253.279421,32607989,3.21
1747103271.8748286,32608020,2.63
1747103284.9726584,32608055,1.16
1747103301.2559094,32608089,1.82
1747103314.4024322,32608117,1.17
1747103340.2407513,32608152,6.85
1747103352.6633656,32608179,1.09
1747103367.131724,32608227,1.38
1747103393.4667356,32608255,7.25
1747103412.474202,32608283,2.8
1747103441.3308086,32608332,9.39
1747103453.754692,32608373,1.09
1747103467.598864,32608436,1.27
1747103481.5958614,32608460,1.3
1747103511.9781053,32608490,10.86
1747103525.474652,32608517,1.22
1747103549.5954733,32608575,5.61
1747103571.5846002,32608606,4.28
1747103588.7159607,32608652,2.09
1747103603.448702,32608692,1.44
1747103618.8800094,32608723,1.6
1747103644.4492366,32608751,6.66
1747103664.8636994,32608782,3.44
1747103675.3896835,32608835,1
1747103690.1717618,32608876,1.45
1747103701.599639,32608898,1.02
1747103717.4384375,32608929,1.7
1747103741.8866751,32608950,5.84
1747103758.4826722,32608980,1.92
1747103775.347425,32609025,2
1747103799.8875616,32609066,5.9
1747103814.9694622,32609097,1.52
1747103831.6083722,32609146,1.93
1747103851.101037,32609178,3.01
1747103873.0801773,32609206,4.27
1747103898.2856421,32609243,6.39
1747103909.9120457,32609285,1.03
1747103928.8013859,32609331,2.74
1747103943.0301046,32609357,1.34
1747103971.404808,32609392,8.96
1747103987.336748,32609419,1.73
1747104019.0426514,32609476,12.19
1747104033.1990588,32609511,1.33
1747104046.4270706,32609572,1.18
1747104062.7005243,32609599,1.82
1747104078.4208264,32609622,1.67
1747104094.1720195,32609652,1.66
1747104109.2247643,32609683,1.51
1747104131.813985,32609712,4.63
1747104164.341696,32609738,13.1
1747104194.4179902,32609785,10.56
1747104211.6582322,32609850,2.12
1747104224.0964563,32609910,1.09
1747104239.1032155,32609944,1.49
1747104257.9528224,32609969,2.7
1747104272.148193,32610001,1.35
1747104284.5989487,32610039,1.09
1747104318.599064,32610069,14.76
1747104335.6638656,32610093,2.07
1747104349.6154869,32610156,1.29
1747104366.3989415,32610184,1.97
1747104388.9279516,32610214,4.6
1747104410.7719085,32610249,4.2
1747104431.2811048,32610297,3.49
1747104441.8117933,32610333,1
1747104462.8041756,32610376,3.73
1747104501.420727,32610398,20.72
1747104514.5566003,32610442,1.17
1747104526.0027347,32610515,1.02
1747104548.6356142,32610544,4.65
1747104561.7717493,32610569,1.17
1747104587.994982,32610609,7.14
1747104606.6973977,32610634,2.66
1747104635.8094826,32610687,9.63
1747104652.1324162,32610723,1.84
1747104672.5185118,32610776,3.43
1747104693.3165226,32610810,3.61
1747104709.379572,32610852,1.76
1747104731.1595047,32610885,4.16
1747104751.870438,32610916,3.56
1747104781.6892855,32610960,10.31
1747104792.852979,32611003,1.01
1747104805.3933783,32611058,1.1
1747104818.6835897,32611088,1.19
1747104851.5302517,32611105,13.44
1747104868.6018562,32611135,2.07
1747104882.9384515,32611194,1.36
1747104895.1535602,32611229,1.07
1747104909.0047624,32611260,1.27
1747104949.7367742,32611281,23.8
1747104983.3519385,32611305,14.33
1747105023.0666025,32611386,22.29
1747105039.6813726,32611453,1.92
1747105055.1943238,32611534,1.62
1747105078.1275682,32611568,4.85
1747105095.3164246,32611595,2.11
1747105116.4387236,32611640,3.79
1747105139.17303,32611675,4.72
1747105152.7470303,32611716,1.23
1747105179.442204,32611762,7.52
1747105199.749781,32611787,3.39
1747105216.2964554,32611841,1.9
1747105231.4965858,32611879,1.54
1747105268.3972573,32611908,18.37
1747105284.5402958,32611936,1.78
1747105296.5064683,32612012,1.05
1747105307.0444734,32612045,1
1747105325.710238,32612072,2.65
1747105337.1523101,32612091,1.02
1747105347.9469721,32612130,1
1747105369.3794708,32612147,4.11
1747105380.5407991,32612167,1.01
1747105396.948556,32612211,1.8
1747105410.770575,32612239,1.27
1747105425.5107632,32612268,1.44
1747105442.7798965,32612294,2.13
1747105459.4578211,32612323,1.94
1747105477.3845608,32612357,2.36
1747105501.047363,32612392,5.3
1747105511.5688088,32612431,1
1747105531.6242008,32612477,3.26
1747105542.7870638,32612499,1.01
1747105554.5876236,32612536,1.04
1747105574.5026042,32612560,3.2
1747105594.288782,32612587,3.14
1747105627.0458736,32612622,13.33
1747105655.070338,32612659,8.66
1747105665.5910885,32612723,1
1747105676.7784832,32612780,1.01
1747105688.5918913,32612798,1.04
1747105710.4745436,32612825,4.22
1747105722.6898046,32612848,1.07
1747105733.868912,32612893,1.01
1747105753.1456223,32612923,2.91
1747105770.4679825,32612945,2.15
1747105787.950988,32612985,2.2
1747105800.9374256,32613013,1.15
1747105818.8191574,32613046,2.34
1747105841.1605124,32613071,4.49
1747105864.350194,32613112,5.01
1747105878.9267719,32613149,1.41
1747105897.3751,32613199,2.56
1747105909.913212,32613223,1.1
1747105925.3006108,32613259,1.58
1747105955.9763978,32613289,11.13
1747105970.9772296,32613318,1.5
1747105985.4674687,32613372,1.39
1747106014.288641,32613397,9.34
1747106028.8725474,32613422,1.41
1747106047.9533396,32613475,2.82
1747106063.9820018,32613505,1.76
1747106085.1116278,32613539,3.79
1747106101.7328928,32613573,1.93
1747106113.3636196,32613611,1.03
1747106137.468291,32613650,5.6
1747106150.4483812,32613674,1.15
1747106162.7735522,32613727,1.08
1747106179.5013084,32613753,1.96
1747106208.2684991,32613778,9.3
1747106230.7143729,32613812,4.55
1747106245.3924754,32613868,1.43
1747106260.7595184,32613912,1.58
1747106271.299509,32613944,1
1747106284.1304476,32613973,1.13
1747106301.5105581,32613994,2.17
1747106319.7553515,32614021,2.48
1747106333.865462,32614050,1.32
1747106348.5618656,32614086,1.43
1747106367.43482,32614115,2.73
1747106381.5865502,32614137,1.32
1747106396.7435598,32614173,1.53
1747106408.83244,32614201,1.06
1747106423.6363146,32614227,1.45
1747106436.3550856,32614259,1.12
1747106480.393352,32614287,28.97
1747106519.802564,32614307,21.84
1747106533.6080813,32614393,1.27
1747106551.3565092,32614466,2.02
1747106565.452884,32614495,1.32
1747106587.94385,32614533,4.38
1747106606.410542,32614560,2.71
1747106625.0404534,32614599,2.64
1747106636.211673,32614636,1.01
1747106654.0838192,32614673,2.32
1747106686.504663,32614693,12.97
1747106699.3920789,32614726,1.14
1747106715.2302465,32614799,1.7
1747106727.1771634,32614824,1.05
1747106748.1629932,32614855,3.73
1747106793.3923013,32614884,31.08
1747106809.3713331,32614926,1.7
1747106847.0300813,32615011,19.37
1747106873.249533,32615043,7.16
1747106889.9463925,32615118,1.95
1747106913.7140222,32615167,5.38
1747106941.527079,32615195,8.47
1747106955.6908484,32615243,1.33
1747106967.9604597,32615305,1.07
1747106988.7952323,32615333,3.66
1747107009.495068,32615354,3.59
1747107052.6759453,32615395,27.67
1747107067.9460416,32615438,1.47
1747107084.2554939,32615520,1.95
1747107103.7128294,32615549,2.99
1747107121.6843567,32615577,2.38
1747107158.5838525,32615619,18.33
1747107172.7444735,32615655,1.33
1747107212.6347575,32615725,22.52
1747107223.1728997,32615754,1
1747107237.943544,32615830,1.43
1747107255.389316,32615852,2.22
1747107280.1465857,32615879,6.05
1747107295.8835099,32615910,1.68
1747107306.4230597,32615957,1
1747107330.4603863,32615987,5.55
1747107344.95995,32616010,1.39
1747107355.4972131,32616056,1
1747107372.1394994,32616089,1.93
1747107390.8919008,32616107,2.65
1747107431.583471,32616139,23.73
1747107456.8627245,32616179,6.44
1747107469.7643135,32616258,1.14
1747107490.0430539,32616309,3.37
1747107503.4629261,32616340,1.21
1747107515.672674,32616382,1.07
1747107528.4044695,32616410,1.12
1747107540.2342887,32616432,1.04
1747107559.1500506,32616459,2.76
1747107576.4028335,32616483,2.13
1747107596.0964515,32616518,3.09
1747107613.5005786,32616547,2.18
1747107625.8264797,32616593,1.08
1747107636.3825989,32616627,1
1747107656.1147828,32616647,3.11
1747107676.553039,32616673,3.45
1747107693.9227881,32616712,2.17
1747107710.7686162,32616751,1.99
1747107724.7237232,32616786,1.29
1747107748.2857037,32616821,5.23
1747107764.508513,32616848,1.81
1747107782.4824345,32616899,2.38
1747107797.0802326,32616926,1.41
1747107812.3616202,32616967,1.56
1747107830.7453187,32616994,2.54
1747107863.0360105,32617025,12.84
1747107874.4608028,32617065,1.02
1747107887.6170397,32617127,1.17
1747107900.987693,32617147,1.2
1747107922.9286146,32617171,4.25
1747107945.7995927,32617197,4.81
1747107966.2320058,32617243,3.45
1747107992.2699392,32617290,7.01
1747108010.0519943,32617327,2.32
1747108020.597656,32617380,1
1747108038.9902356,32617412,2.54
1747108069.9590518,32617436,11.45
1747108089.468811,32617472,3.02
1747108104.343593,32617534,1.47
1747108119.9112778,32617574,1.63
1747108132.4735258,32617606,1.1
1747108154.6209939,32617633,4.36
1747108170.7977421,32617656,1.8
1747108210.4566677,32617699,22.2
1747108225.176353,32617732,1.44
1747108243.2574337,32617814,2.42
1747108265.5216014,32617843,4.44
1747108292.6173022,32617870,7.87
1747108311.0037043,32617917,2.54
1747108324.5277226,32617971,1.22
1747108338.7083097,32618006,1.33
1747108352.151858,32618037,1.21
1747108365.309059,32618065,1.17
1747108377.2734907,32618090,1.05
1747108397.9317944,32618114,3.56
1747108411.9714477,32618139,1.31
1747108434.9496105,32618173,4.87
